Wall time,Step,Value
1710591607.0380728,4,-19.733333587646484
1710591626.8469553,18,1.5333333015441895
1710591657.481223,40,-6.4666666984558105
1710591667.247684,47,7.733333110809326
1710591688.4998627,62,0.7333333492279053
1710591689.9291077,63,2.6666667461395264
1710591700.7773552,71,-9.0
1710591709.0493197,77,8.333333015441895
1710591716.0963807,82,-2.866666555404663
1710591725.6759331,89,2.3333332538604736
1710591744.9948595,103,4.933333396911621
1710591750.531827,107,2.0
1710591769.8669128,121,2.0
1710591779.4766457,128,11.0
1710591782.2409606,130,7.199999809265137
1710591820.1009016,157,12.399999618530273
1710591824.1886194,160,8.933333396911621
1710591826.9404304,162,-9.066666603088379
1710591829.6852963,164,-2.200000047683716
1710591840.8160465,172,-1.8666666746139526
1710591867.1851242,191,5.5333333015441895
1710591883.8246315,203,-2.5333333015441895
1710591886.6007211,205,3.933333396911621
1710591920.0032852,229,-0.06666667014360428
1710591940.7803001,244,14.133333206176758
1710591942.1647184,245,0.8666666746139526
1710591961.6518984,259,8.800000190734863
1710591978.4192815,271,16.066667556762695
1710591982.4959378,274,-5.266666889190674
1710591993.6035955,282,1.4666666984558105
1710591997.7443178,285,11.600000381469727
1710592011.5299141,295,-9.600000381469727
1710592040.3155584,316,-14.466666221618652
1710592044.4219863,319,10.533333778381348
1710592048.6209228,322,19.600000381469727
1710592081.9492414,346,15.333333015441895
1710592098.7070007,358,3.4666666984558105
1710592106.9103813,364,8.333333015441895
1710592109.666888,366,12.733333587646484
1710592126.2551076,378,8.466666221618652
1710592137.3227937,386,-1.399999976158142
1710592142.871344,390,5.133333206176758
1710592159.457724,402,10.933333396911621
1710592177.9260707,415,2.2666666507720947
1710592187.6915255,422,10.199999809265137
1710592206.965294,436,11.333333015441895
1710592208.4463716,437,19.600000381469727
1710592211.2621274,439,5.933333396911621
1710592221.1055517,446,1.2666666507720947
1710592241.8524377,461,3.799999952316284
1710592247.4301252,465,6.199999809265137
1710592261.4999838,475,-8.199999809265137
1710592268.5219064,480,10.800000190734863
1710592269.9207036,481,5.066666603088379
1710592278.3524103,487,11.133333206176758
1710592310.221405,510,14.333333015441895
1710592313.091532,512,12.199999809265137
1710592314.4773538,513,2.066666603088379
1710592320.0056343,517,5.266666889190674
1710592342.3697464,533,15.399999618530273
1710592349.4292521,538,-1.4666666984558105
1710592352.289344,540,1.399999976158142
1710592368.9191952,552,2.066666603088379
1710592374.3485503,556,13.533333778381348
1710592382.6258988,562,16.266666412353516
1710592421.7259057,590,24.133333206176758
1710592427.3010175,594,14.133333206176758
1710592430.1323273,596,19.933332443237305
1710592475.0203226,628,6.266666889190674
1710592476.444415,629,2.4666666984558105
1710592487.7386239,637,-0.5333333611488342
1710592496.0082088,643,8.066666603088379
1710592497.4283457,644,11.933333396911621
1710592516.7617633,658,3.200000047683716
1710592529.232444,667,8.800000190734863
1710592540.3159754,675,24.66666603088379
1710592565.90837,694,8.866666793823242
1710592602.7749949,721,0.20000000298023224
1710592608.483742,725,11.466666221618652
1710592634.8928106,744,-4.5333333015441895
1710592662.5704308,764,13.866666793823242
1710592677.8242233,775,3.7333333492279053
1710592679.2544463,776,10.933333396911621
1710592687.470834,782,11.066666603088379
1710592695.862503,788,14.800000190734863
1710592717.9446852,804,17.133333206176758
1710592719.3316047,805,16.600000381469727
1710592722.0929036,807,3.933333396911621
1710592738.6387231,819,8.266666412353516
1710592756.6463408,832,10.199999809265137
1710592791.3143492,857,14.800000190734863
1710592803.6718493,866,7.266666889190674
1710592810.637959,871,5.933333396911621
1710592831.4851668,886,12.533333778381348
1710592846.7186298,897,13.666666984558105
1710592852.225523,901,10.800000190734863
1710592892.5341072,930,5.066666603088379
1710592909.1241002,942,15.333333015441895
1710592918.7584963,949,0.3333333432674408
1710592987.804542,999,3.3333332538604736
1710592991.965482,1002,13.800000190734863
1710592994.7532551,1004,20.733333587646484
1710593010.103249,1015,22.933332443237305
1710593019.693957,1022,7.866666793823242
1710593025.1478639,1026,17.53333282470703
1710593027.8385634,1028,20.066667556762695
1710593040.1113644,1037,10.399999618530273
1710593066.2493665,1056,23.866666793823242
1710593085.5233858,1070,1.4666666984558105
1710593086.934996,1071,-2.066666603088379
1710593089.709733,1073,14.266666412353516
1710593095.2897396,1077,11.0
1710593107.815164,1086,0.7333333492279053
1710593124.317264,1098,-10.733333587646484
1710593129.8597636,1102,7.5333333015441895
1710593132.5936465,1104,17.46666717529297
1710593139.5958562,1109,9.666666984558105
1710593142.3890183,1111,-1.2000000476837158
1710593156.230002,1121,8.266666412353516
1710593161.7313714,1125,1.0666667222976685
1710593171.2932136,1132,11.933333396911621
1710593173.9838743,1134,-7.800000190734863
1710593190.651153,1146,11.199999809265137
1710593197.5074098,1151,4.0
1710593198.9438982,1152,-6.5333333015441895
1710593215.6625154,1164,5.133333206176758
1710593229.6410756,1174,28.133333206176758
1710593232.4021673,1176,11.266666412353516
1710593243.4838283,1184,7.0
1710593255.7785063,1193,18.266666412353516
1710593257.0964334,1194,15.199999809265137
1710593290.0089157,1218,9.333333015441895
1710593299.641242,1225,-3.133333444595337
1710593328.9702594,1246,20.266666412353516
1710593335.8895872,1251,21.600000381469727
1710593337.2480614,1252,5.199999809265137
1710593340.072367,1254,34.46666717529297
1710593344.3134885,1257,22.46666717529297
1710593349.8949704,1261,12.600000381469727
1710593358.2968004,1267,7.0
1710593363.6958706,1271,14.466666221618652
1710593370.6256225,1276,3.4000000953674316
1710593400.9685624,1298,15.533333778381348
1710593411.718079,1306,12.866666793823242
1710593433.3563442,1322,-2.133333444595337
1710593437.4300814,1325,0.5333333611488342
1710593464.3766015,1345,13.399999618530273
1710593484.5470939,1360,2.3333332538604736
1710593489.8395817,1364,7.266666889190674
1710593504.6696405,1375,9.866666793823242
1710593505.9737985,1376,9.466666221618652
1710593561.3458652,1417,25.733333587646484
1710593589.8468914,1438,3.3333332538604736
1710593591.1921506,1439,10.800000190734863
1710593615.6091285,1457,8.600000381469727
1710593616.9778914,1458,20.133333206176758
1710593638.3207304,1474,5.933333396911621
1710593641.0718145,1476,6.066666603088379
1710593660.1500578,1490,16.133333206176758
1710593665.7680633,1494,10.600000381469727
1710593676.7532053,1502,16.266666412353516
1710593687.6706202,1510,7.400000095367432
1710593691.8384936,1513,21.66666603088379
1710593695.9166,1516,8.800000190734863
1710593712.2998352,1528,20.933332443237305
1710593739.5965598,1548,7.866666793823242
1710593743.6520379,1551,-12.533333778381348
1710593762.8789485,1565,-2.4000000953674316
1710593766.8774936,1568,15.800000190734863
1710593773.5432477,1573,16.733333587646484
1710593777.6294777,1576,14.333333015441895
1710593789.6577518,1585,4.199999809265137
1710593804.3163576,1596,14.399999618530273
1710593811.3377373,1601,25.600000381469727
1710593814.1005754,1603,9.399999618530273
1710593847.2994435,1627,18.0
1710593858.3288622,1635,5.666666507720947
1710593861.0241976,1637,15.133333206176758
1710593906.6272821,1670,4.800000190734863
1710593919.0627666,1679,12.0
1710593927.2574768,1685,2.6666667461395264
1710593939.382994,1694,3.7333333492279053
1710593950.0608785,1702,11.533333778381348
1710593952.6393707,1704,-6.400000095367432
1710593956.6684363,1707,4.599999904632568
1710593962.273521,1711,19.066667556762695
1710593971.8853884,1718,19.066667556762695
1710594010.3624194,1745,13.866666793823242
1710594050.5565403,1775,16.799999237060547
1710594053.1413245,1777,6.133333206176758
1710594068.8260574,1789,16.33333396911621
1710594072.8623583,1792,16.133333206176758
1710594083.5335143,1800,8.866666793823242
1710594146.128199,1847,18.200000762939453
1710594151.2371833,1851,20.733333587646484
1710594163.1029773,1860,6.933333396911621
1710594169.6654863,1865,8.800000190734863
1710594172.3901668,1867,4.333333492279053
1710594200.1540883,1888,5.333333492279053
1710594214.7624292,1899,20.933332443237305
1710594218.79849,1902,20.66666603088379
1710594226.9602506,1908,14.800000190734863
1710594228.3164616,1909,25.399999618530273
1710594248.172124,1924,25.600000381469727
1710594264.296325,1936,16.933332443237305
1710594269.634399,1940,6.666666507720947
1710594276.211703,1945,7.266666889190674
1710594278.8796754,1947,13.800000190734863
1710594295.9091058,1960,-6.066666603088379
1710594297.2281327,1961,15.066666603088379
1710594303.8537347,1966,1.8666666746139526
1710594318.2945483,1977,16.933332443237305
1710594321.0045369,1979,16.733333587646484
1710594331.5099251,1987,13.666666984558105
1710594439.9229863,2070,3.133333444595337
1710594451.721958,2079,6.599999904632568
1710594464.7385798,2089,-0.6000000238418579
1710594479.389654,2100,0.6000000238418579
1710594497.9859474,2114,18.799999237060547
1710594499.2789211,2115,11.600000381469727
1710594504.61735,2119,24.66666603088379
1710594505.9106221,2120,10.800000190734863
1710594515.1837559,2127,15.266666412353516
1710594530.9049435,2139,2.866666555404663
1710594570.8161166,2169,6.733333110809326
1710594604.6017215,2194,0.3333333432674408
1710594625.3152142,2209,0.46666666865348816
1710594633.5097904,2215,8.266666412353516
1710594666.7868192,2239,8.733333587646484
1710594673.669715,2244,23.799999237060547
1710594724.5113003,2281,9.133333206176758
1710594772.3789423,2316,22.53333282470703
1710594776.5667863,2319,0.800000011920929
1710594807.9366071,2342,4.733333110809326
1710594830.8994286,2359,19.600000381469727
1710594870.8360722,2389,16.46666717529297
1710594876.145042,2393,3.066666603088379
1710594877.4804518,2394,3.3333332538604736
1710594933.4411683,2436,19.46666717529297
1710594940.0205066,2441,14.866666793823242
1710594957.260924,2454,15.666666984558105
1710594967.9616404,2462,1.399999976158142
1710594971.8890018,2465,8.466666221618652
1710594998.543161,2485,11.333333015441895
1710595009.1154287,2493,7.5333333015441895
1710595015.871992,2498,18.0
1710595022.5464094,2503,11.0
1710595041.4531465,2517,18.866666793823242
1710595044.148363,2519,16.53333282470703
1710595056.5744386,2528,7.199999809265137
1710595059.316022,2530,15.533333778381348
1710595108.517576,2566,13.866666793823242
1710595123.727286,2577,4.0
1710595125.1390033,2578,11.133333206176758
1710595138.8849878,2588,16.0
1710595154.0395114,2599,15.199999809265137
1710595163.6910212,2606,14.733333587646484
1710595181.5819235,2619,3.0
1710595192.8118477,2627,15.466666221618652
1710595194.2214746,2628,0.6000000238418579
1710595203.7876868,2635,7.066666603088379
1710595209.368049,2639,5.733333110809326
1710595214.7727084,2643,8.600000381469727
1710595240.8454013,2662,5.800000190734863
1710595251.8091998,2670,9.933333396911621
1710595253.1502209,2671,12.333333015441895
1710595257.284095,2674,2.133333444595337
1710595266.7831435,2681,17.200000762939453
1710595270.990817,2684,14.800000190734863
1710595273.743955,2686,-1.9333332777023315
1710595277.854639,2689,14.199999809265137
1710595283.3208678,2693,17.133333206176758
1710595295.5030832,2702,23.0
1710595303.8518553,2708,2.7333333492279053
1710595310.677135,2713,15.533333778381348
1710595316.1576722,2717,8.666666984558105
1710595332.4176342,2729,10.733333587646484
1710595333.8083818,2730,15.600000381469727
1710595339.260282,2734,19.0
1710595346.110236,2739,17.133333206176758
1710595347.4508996,2740,2.4000000953674316
1710595365.311904,2753,26.133333206176758
1710595366.7133086,2754,15.800000190734863
1710595368.0759974,2755,10.600000381469727
1710595374.843909,2760,0.13333334028720856
1710595381.711918,2765,15.866666793823242
1710595385.8676546,2768,2.4000000953674316
1710595399.5403328,2778,-9.133333206176758
1710595409.1141355,2785,17.133333206176758
1710595446.3960676,2812,4.333333492279053
1710595476.4444258,2834,16.46666717529297
1710595490.196381,2844,14.600000381469727
1710595513.4948575,2861,16.066667556762695
1710595514.8153098,2862,2.133333444595337
1710595540.919326,2881,23.66666603088379
1710595592.2260113,2918,14.066666603088379
1710595596.3778532,2921,3.200000047683716
1710595614.2333403,2934,17.33333396911621
1710595639.201688,2952,16.933332443237305
1710595643.2800627,2955,31.066667556762695
1710595652.8614726,2962,17.733333587646484
1710595656.972307,2965,-0.8666666746139526
1710595667.9912689,2973,15.133333206176758
1710595685.6899576,2986,-6.266666889190674
1710595699.4509327,2996,8.399999618530273
1710595731.2084107,3019,14.800000190734863
1710595751.964881,3034,2.4666666984558105
1710595769.7153597,3047,18.600000381469727
1710595819.2702763,3083,15.266666412353516
1710595820.7011545,3084,2.3333332538604736
1710595846.5889385,3103,14.533333778381348
1710595847.946751,3104,1.3322676295501878e-15
1710595849.2888918,3105,8.466666221618652
1710595863.1871824,3115,5.400000095367432
1710595868.7338786,3119,15.533333778381348
1710595870.1370223,3120,15.399999618530273
1710595871.5153022,3121,21.866666793823242
1710595878.361331,3126,-4.333333492279053
1710595881.16042,3128,12.333333015441895
1710595904.473724,3145,18.066667556762695
1710595943.3241308,3173,12.800000190734863
1710595950.3313751,3178,34.79999923706055
1710595969.6279163,3192,-5.733333110809326
1710595979.4067109,3199,15.733333587646484
1710595986.28878,3204,13.0
1710596004.0393097,3217,6.666666507720947
1710596008.2042298,3220,-2.066666603088379
1710596010.9173703,3222,11.199999809265137
1710596020.406612,3229,11.600000381469727
1710596037.0663965,3241,16.799999237060547
1710596070.428021,3265,18.733333587646484
1710596074.6234376,3268,12.266666412353516
1710596126.7279303,3306,14.533333778381348
1710596173.8439221,3340,5.400000095367432
1710596195.7811985,3356,15.266666412353516
1710596220.6533937,3374,18.600000381469727
1710596227.5185745,3379,6.266666889190674
1710596234.3750763,3384,13.666666984558105
1710596235.7238085,3385,7.866666793823242
1710596246.7996666,3393,10.333333015441895
1710596261.9086783,3404,12.266666412353516
1710596280.7724082,3418,11.533333778381348
1710596291.6984942,3426,6.5333333015441895
1710596302.7764032,3434,4.933333396911621
1710596309.623589,3439,14.800000190734863
1710596340.124071,3461,15.600000381469727
1710596349.835924,3468,24.133333206176758
1710596370.362497,3483,5.666666507720947
1710596371.698755,3484,20.933332443237305
1710596373.1189897,3485,28.799999237060547
1710596381.3411465,3491,8.933333396911621
1710596384.189595,3493,10.399999618530273
1710596393.9166923,3500,5.866666793823242
1710596429.7088344,3526,12.066666603088379
1710596454.3220599,3544,10.666666984558105
1710596462.5570385,3550,16.733333587646484
1710596484.4235005,3566,2.3333332538604736
1710596488.5448594,3569,0.3333333432674408
1710596498.186506,3576,14.866666793823242
1710596514.4664176,3588,20.33333396911621
1710596530.8135948,3600,3.4666666984558105
1710596548.844684,3613,-4.800000190734863
1710596550.2087698,3614,30.200000762939453
1710596552.923736,3616,13.600000381469727
1710596572.090275,3630,6.5333333015441895
1710596604.8878818,3654,22.933332443237305
1710596609.1119578,3657,22.66666603088379
1710596611.8619385,3659,30.0
1710596614.563508,3661,16.866666793823242
1710596618.693463,3664,5.4666666984558105
1710596624.3217406,3668,29.733333587646484
1710596628.3884013,3671,20.399999618530273
1710596654.555235,3690,15.066666603088379
1710596668.2840996,3700,7.266666889190674
1710596684.661849,3712,1.8666666746139526
1710596691.438381,3717,21.33333396911621
1710596729.4647086,3745,7.0
1710596730.8884554,3746,11.933333396911621
1710596733.6698298,3748,5.333333492279053
1710596740.6523364,3753,26.799999237060547
1710596742.0305986,3754,11.133333206176758
1710596751.5984042,3761,5.133333206176758
1710596754.3284342,3763,3.7333333492279053
1710596780.5152166,3782,11.0
1710596781.8742292,3783,7.266666889190674
1710596787.3739984,3787,11.0
1710596791.4202235,3790,24.66666603088379
1710596823.1400335,3813,13.733333587646484
1710596836.7558076,3823,-0.800000011920929
1710596870.9755878,3848,13.266666412353516
1710596873.82298,3850,18.866666793823242
1710596887.6189594,3860,-2.799999952316284
1710596899.888716,3869,-1.5333333015441895
1710596945.2137241,3902,2.4666666984558105
1710596957.523448,3911,-2.5999999046325684
1710596962.9900625,3915,12.066666603088379
1710596971.3012807,3921,5.4666666984558105
1710596987.7535214,3933,7.400000095367432
1710596991.9398577,3936,3.866666555404663
1710597015.292902,3953,4.5333333015441895
1710597020.770475,3957,11.866666793823242
1710597032.9505522,3966,17.799999237060547
1710597045.3324382,3975,21.399999618530273
1710597053.6718733,3981,27.133333206176758
1710597096.1746006,4012,2.2666666507720947
1710597098.9405596,4014,18.53333282470703
1710597111.1193068,4023,18.133333206176758
1710597126.2112148,4034,13.733333587646484
1710597134.3567271,4040,8.666666984558105
1710597144.0682118,4047,6.866666793823242
1710597194.563672,4084,20.600000381469727
1710597228.570274,4109,-0.800000011920929
1710597236.9418042,4115,24.066667556762695
1710597245.255692,4121,34.13333511352539
1710597249.3543508,4124,22.866666793823242
1710597279.623498,4146,36.93333435058594
1710597293.6639533,4156,-7.866666793823242
1710597328.1162152,4181,3.4000000953674316
1710597343.2382963,4192,18.133333206176758
1710597363.6896422,4207,10.666666984558105
1710597382.9300866,4221,7.5333333015441895
1710597391.0504045,4227,29.799999237060547
1710597417.0642436,4246,12.466666221618652
1710597421.1471653,4249,16.0
1710597425.2256627,4252,7.733333110809326
1710597432.400131,4257,4.133333206176758
1710597464.9431474,4281,32.79999923706055
1710597515.9478014,4318,18.799999237060547
1710597522.8681693,4323,16.53333282470703
1710597529.787373,4328,25.933332443237305
1710597537.9080522,4334,1.7999999523162842
1710597595.2709236,4376,7.733333110809326
1710597599.4257002,4379,27.733333587646484
1710597621.4259918,4395,-1.2000000476837158
1710597632.4427881,4403,8.199999809265137
1710597637.9242644,4407,8.800000190734863
1710597658.5675962,4422,16.133333206176758
1710597661.3853726,4424,19.399999618530273
1710597676.4134598,4435,14.666666984558105
1710597687.3444633,4443,14.800000190734863
1710597702.3233888,4454,7.599999904632568
1710597718.9386463,4466,14.199999809265137
1710597750.4918756,4489,24.799999237060547
1710597758.8168824,4495,9.266666412353516
1710597800.3090992,4525,17.733333587646484
1710597813.8227563,4535,16.600000381469727
1710597819.3162022,4539,20.066667556762695
1710597853.0861049,4564,7.400000095367432
1710597858.4810283,4568,6.266666889190674
1710597866.7497954,4574,8.666666984558105
1710597877.8083878,4582,14.800000190734863
1710597910.8617227,4606,-2.2666666507720947
1710597914.964872,4609,13.199999809265137
1710597919.0372646,4612,10.466666221618652
1710597969.9407425,4649,27.133333206176758
1710597976.8052366,4654,9.333333015441895
1710597982.1807582,4658,11.466666221618652
1710597983.501435,4659,13.399999618530273
1710597987.6253312,4662,17.066667556762695
1710597994.5850198,4667,18.66666603088379
1710598009.5977325,4678,28.0
1710598020.5004265,4686,11.666666984558105
1710598025.9121182,4690,3.6666667461395264
1710598028.6731155,4692,28.200000762939453
1710598036.8488302,4698,23.866666793823242
1710598047.8745875,4706,8.266666412353516
1710598049.1756449,4707,-1.3333333730697632
1710598057.307417,4713,8.199999809265137
1710598061.4629507,4716,27.266666412353516
1710598080.61625,4730,20.866666793823242
1710598090.2683675,4737,20.799999237060547
1710598120.1488228,4759,8.066666603088379
1710598129.6111856,4766,7.933333396911621
1710598137.9260125,4772,4.066666603088379
1710598143.416599,4776,-0.13333334028720856
1710598144.813086,4777,2.799999952316284
1710598181.8265865,4804,16.866666793823242
1710598186.1043415,4807,11.266666412353516
1710598190.2348406,4810,4.133333206176758
1710598195.7486503,4814,7.333333492279053
1710598217.6488335,4830,14.066666603088379
1710598220.3596807,4832,4.800000190734863
1710598223.0935905,4834,15.399999618530273
1710598224.4879496,4835,6.733333110809326
1710598225.8620868,4836,8.066666603088379
1710598236.8668764,4844,9.533333778381348
1710598289.2045622,4882,-1.0666667222976685
1710598306.8471985,4895,4.066666603088379
1710598327.4462547,4910,12.666666984558105
1710598353.6741714,4929,24.066667556762695
1710598359.1155646,4933,2.0
1710598368.5879931,4940,9.533333778381348
1710598374.239228,4944,10.800000190734863
1710598381.2585979,4949,15.266666412353516
1710598423.5642817,4980,24.866666793823242
1710598437.3068874,4990,18.66666603088379
1710598438.6951683,4991,12.600000381469727
1710598482.1873758,5023,4.800000190734863
1710598515.212731,5047,30.66666603088379
1710598534.417223,5061,4.4666666984558105
1710598541.4334896,5066,9.600000381469727
1710598559.313369,5079,19.399999618530273
1710598560.6873052,5080,11.399999618530273
1710598571.6371005,5088,8.600000381469727
1710598574.3754513,5090,15.800000190734863
1710598581.1910498,5095,17.46666717529297
1710598631.8826325,5132,21.266666412353516
1710598637.452287,5136,10.399999618530273
1710598642.9437444,5140,27.46666717529297
1710598657.9086792,5151,4.866666793823242
1710598659.3504565,5152,16.46666717529297
1710598661.9947538,5154,16.866666793823242
1710598663.3410387,5155,20.46666717529297
1710598707.3461592,5187,10.266666412353516
1710598722.3935091,5198,31.133333206176758
1710598725.1534543,5200,16.733333587646484
1710598732.0956545,5205,18.399999618530273
1710598734.8825579,5207,4.4666666984558105
1710598741.825264,5212,18.399999618530273
1710598750.0090432,5218,12.333333015441895
1710598759.5729854,5225,21.733333587646484
1710598777.6587625,5238,9.600000381469727
1710598798.205034,5253,9.600000381469727
1710598804.9246578,5258,30.266666412353516
1710598810.4297802,5262,9.666666984558105
1710598814.6181378,5265,13.800000190734863
1710598843.541446,5286,18.66666603088379
1710598856.003651,5295,14.333333015441895
1710598887.6788516,5318,19.200000762939453
1710598889.0467634,5319,15.800000190734863
1710598893.1937683,5322,21.46666717529297
1710598895.9377723,5324,-2.3333332538604736
1710598901.4082315,5328,17.46666717529297
1710598909.5778732,5334,23.799999237060547
1710598948.194683,5362,10.800000190734863
1710598959.2273996,5370,4.266666889190674
1710598990.86043,5393,12.733333587646484
1710599003.1719942,5402,14.399999618530273
1710599004.4840794,5403,30.866666793823242
1710599023.6571605,5417,12.133333206176758
1710599033.2995925,5424,14.933333396911621
1710599062.2401552,5445,28.66666603088379
1710599071.9024994,5452,0.13333334028720856
1710599074.6605542,5454,25.266666412353516
1710599078.8045757,5457,13.866666793823242
1710599081.4893956,5459,17.0
1710599143.535508,5504,9.533333778381348
1710599150.387236,5509,-2.2666666507720947
1710599151.7919638,5510,19.600000381469727
1710599161.3378944,5517,0.800000011920929
1710599166.6984682,5521,21.53333282470703
1710599169.4134808,5523,10.733333587646484
1710599199.484886,5545,1.0666667222976685
1710599230.003988,5567,8.866666793823242
1710599280.942969,5604,21.733333587646484
1710599334.0414748,5643,6.666666507720947
1710599347.6507921,5653,16.066667556762695
1710599366.921025,5667,9.133333206176758
1710599394.4358034,5687,8.199999809265137
1710599444.2585695,5723,8.266666412353516
1710599454.1293721,5730,3.933333396911621
1710599467.8471744,5740,18.399999618530273
1710599484.5012145,5752,21.53333282470703
1710599488.661112,5755,27.46666717529297
1710599491.4475293,5757,20.46666717529297
1710599492.8326085,5758,2.866666555404663
1710599512.2512197,5772,3.4666666984558105
1710599524.7340832,5781,7.400000095367432
1710599535.6910243,5789,9.533333778381348
1710599594.4939415,5832,9.333333015441895
1710599641.8775883,5866,-0.800000011920929
1710599659.7357779,5879,13.0
1710599661.1111424,5880,19.53333282470703
1710599663.8960183,5882,18.066667556762695
1710599754.7542617,5948,12.399999618530273
1710599761.8040917,5953,13.800000190734863
1710599766.0042343,5956,14.600000381469727
1710599777.152578,5964,5.599999904632568
1710599800.762726,5981,32.266666412353516
1710599813.0665598,5990,13.266666412353516
1710599822.5102217,5997,10.0
1710599830.9617362,6003,10.0
1710599839.2441857,6009,13.933333396911621
1710599840.6184242,6010,13.199999809265137
1710599889.0257814,6045,7.0
1710599900.180368,6053,24.600000381469727
1710599932.081604,6076,20.46666717529297
1710599934.8650637,6078,24.66666603088379
1710599936.237716,6079,17.266666412353516
1710599975.0710194,6107,9.333333015441895
1710599980.5542142,6111,13.733333587646484
1710599983.2935307,6113,20.866666793823242
1710600010.8055718,6133,8.399999618530273
1710600017.9504323,6138,25.399999618530273
1710600020.6954935,6140,6.0
1710600023.5363364,6142,5.199999809265137
1710600059.6974778,6168,15.266666412353516
1710600110.78904,6205,5.866666793823242
1710600118.9370887,6211,0.06666667014360428
1710600132.6104248,6221,5.333333492279053
1710600138.0739279,6225,24.399999618530273
1710600143.6362877,6229,26.200000762939453
1710600153.1739545,6236,17.200000762939453
1710600162.6853912,6243,9.933333396911621
1710600173.8347864,6251,20.733333587646484
1710600212.4218144,6279,-3.3333332538604736
1710600215.1811666,6281,10.399999618530273
1710600224.8511481,6288,7.333333492279053
1710600235.8283648,6296,20.0
1710600237.207542,6297,13.266666412353516
1710600241.3346992,6300,33.79999923706055
1710600260.8180966,6314,21.600000381469727
1710600280.0531101,6328,15.533333778381348
1710600285.5353363,6332,23.46666717529297
1710600288.169677,6334,11.0
1710600306.1231282,6347,16.933332443237305
1710600321.4408967,6358,2.200000047683716
1710600322.8593054,6359,20.866666793823242
1710600329.7898731,6364,14.066666603088379
1710600332.5573668,6366,7.4666666984558105
1710600336.657055,6369,15.399999618530273
1710600387.7350483,6406,20.133333206176758
1710600412.6201222,6424,7.199999809265137
1710600438.9825048,6443,17.0
1710600447.33271,6449,34.66666793823242
1710600461.23764,6459,0.06666667014360428
1710600480.4939775,6473,1.3333333730697632
1710600505.1686735,6491,10.266666412353516
1710600509.3111384,6494,14.866666793823242
1710600510.7115226,6495,10.133333206176758
1710600556.1838412,6528,5.866666793823242
1710600560.2773752,6531,20.46666717529297
1710600572.7504523,6540,36.400001525878906
1710600581.0880752,6546,5.133333206176758
1710600587.9823785,6551,14.333333015441895
1710600589.3505623,6552,20.600000381469727
1710600606.0462496,6564,13.0
1710600612.798185,6569,18.53333282470703
1710600634.8398683,6585,14.866666793823242
1710600641.638932,6590,21.53333282470703
1710600648.5464692,6595,13.533333778381348
1710600654.1937141,6599,13.600000381469727
1710600676.6256716,6615,11.266666412353516
1710600695.8780248,6629,23.0
1710600723.2040734,6649,23.933332443237305
1710600739.6518908,6661,2.7333333492279053
1710600756.074652,6673,25.266666412353516
1710600804.3481915,6708,24.733333587646484
1710600813.8493307,6715,21.799999237060547
1710600820.6592085,6720,13.733333587646484
1710600823.359161,6722,6.066666603088379
1710600826.0908778,6724,17.399999618530273
1710600834.1854932,6730,15.199999809265137
1710600839.5420334,6734,11.199999809265137
1710600861.4942646,6750,32.13333511352539
1710600876.6744456,6761,22.0
1710600879.3926144,6763,4.599999904632568
1710600896.9817739,6776,11.266666412353516
1710600909.3509374,6785,24.866666793823242
1710600932.7769854,6802,15.800000190734863
1710600958.9384744,6821,-1.2000000476837158
1710600972.6243403,6831,13.866666793823242
1710600980.7520647,6837,0.4000000059604645
1710600987.6898284,6842,24.0
1710600990.417002,6844,16.933332443237305
1710600998.65932,6850,7.400000095367432
1710601011.147517,6859,14.266666412353516
1710601033.1904867,6875,5.800000190734863
1710601086.6667995,6914,-0.4000000059604645
1710601089.4817436,6916,11.399999618530273
1710601093.590879,6919,20.46666717529297
1710601108.7910185,6930,14.666666984558105
1710601118.545416,6937,13.800000190734863
1710601149.017736,6959,24.46666717529297
1710601170.8218765,6975,10.533333778381348
1710601192.8431425,6991,-2.4000000953674316
1710601199.682601,6996,0.20000000298023224
1710601202.4597783,6998,6.266666889190674
1710601206.6162055,7001,5.266666889190674
1710601221.8265612,7012,14.0
1710601230.191606,7018,24.200000762939453
1710601244.105188,7028,5.333333492279053
1710601245.4762886,7029,20.933332443237305
1710601266.3046584,7044,6.866666793823242
1710601278.5395002,7053,4.599999904632568
1710601279.8939095,7054,9.800000190734863
1710601325.2833726,7087,-1.3333333730697632
1710601356.9927309,7110,10.199999809265137
1710601366.62698,7117,5.933333396911621
1710601370.8032897,7120,1.0666667222976685
1710601379.1459749,7126,10.066666603088379
1710601431.5454593,7164,15.333333015441895
1710601449.4682815,7177,21.799999237060547
1710601450.8120267,7178,24.53333282470703
1710601453.6449006,7180,11.866666793823242
1710601461.9067643,7186,26.066667556762695
1710601466.162556,7189,16.866666793823242
1710601490.7448845,7207,9.066666603088379
1710601515.5577192,7225,6.5333333015441895
1710601548.4243333,7249,4.599999904632568
1710601553.968256,7253,16.866666793823242
1710601570.4563854,7265,12.0
1710601582.8675656,7274,13.333333015441895
1710601608.9613757,7293,19.33333396911621
1710601621.396749,7302,0.6000000238418579
1710601629.653357,7308,10.733333587646484
1710601665.4396439,7334,-5.4666666984558105
1710601670.9241781,7338,16.133333206176758
1710601673.6626985,7340,20.066667556762695
1710601691.6194344,7353,13.0
1710601698.4785233,7358,14.866666793823242
1710601705.3570156,7363,18.266666412353516
1710601710.8817022,7367,5.800000190734863
1710601724.6036,7377,4.733333110809326
1710601735.5900693,7385,7.199999809265137
1710601779.7901611,7417,10.466666221618652
1710601789.500658,7424,10.733333587646484
1710601804.7389243,7435,7.933333396911621
1710601806.1360815,7436,0.4000000059604645
1710601810.2250545,7439,7.866666793823242
1710601814.288807,7442,3.5333333015441895
1710601839.1190672,7460,0.2666666805744171
1710601844.6243942,7464,18.66666603088379
1710601850.09213,7468,10.666666984558105
1710601852.8700073,7470,19.266666412353516
1710601869.460694,7482,18.266666412353516
1710601902.3268774,7506,8.533333778381348
1710601918.9272532,7518,1.399999976158142
1710601930.0030031,7526,5.199999809265137
1710601938.1730027,7532,6.933333396911621
1710601953.3773665,7543,21.133333206176758
1710601964.417197,7551,25.399999618530273
1710601967.1946893,7553,4.333333492279053
1710601975.5243917,7559,18.399999618530273
1710601983.7213473,7565,2.799999952316284
1710602000.3137665,7577,6.733333110809326
1710602022.5579538,7593,20.399999618530273
1710602032.0313733,7600,16.0
1710602034.861107,7602,26.399999618530273
1710602037.562422,7604,5.666666507720947
1710602041.671983,7607,28.066667556762695
1710602084.4515061,7638,15.666666984558105
1710602085.8205838,7639,6.933333396911621
1710602092.8695824,7644,11.133333206176758
1710602112.2159798,7658,27.600000381469727
1710602114.9809337,7660,17.46666717529297
1710602116.3847036,7661,7.066666603088379
1710602149.307754,7685,14.933333396911621
1710602199.0042071,7721,8.933333396911621
1710602207.1839597,7727,12.600000381469727
1710602208.5472336,7728,14.0
1710602211.3173087,7730,18.53333282470703
1710602246.9641533,7756,17.133333206176758
1710602248.3108363,7757,1.600000023841858
1710602252.3935907,7760,2.200000047683716
1710602253.8502898,7761,17.399999618530273
1710602299.3429718,7794,14.933333396911621
1710602300.734424,7795,14.533333778381348
1710602319.8744206,7809,16.200000762939453
1710602336.5115554,7821,8.533333778381348
1710602359.7447872,7838,-0.4000000059604645
1710602365.1429753,7842,20.933332443237305
1710602376.031254,7850,14.466666221618652
1710602382.989506,7855,10.0
1710602384.335712,7856,9.333333015441895
1710602392.3407674,7862,18.53333282470703
1710602419.939583,7882,17.46666717529297
1710602437.7818785,7895,16.600000381469727
1710602446.1822116,7901,21.0
1710602466.8914375,7916,16.46666717529297
1710602468.2713628,7917,27.33333396911621
1710602480.7014897,7926,10.600000381469727
1710602483.5152185,7928,35.20000076293945
1710602484.8804734,7929,5.133333206176758
1710602494.4947994,7936,2.799999952316284
1710602563.4958715,7986,13.866666793823242
1710602618.7726755,8026,3.0
1710602622.795588,8029,20.46666717529297
1710602624.1276925,8030,6.866666793823242
1710602626.8477604,8032,25.799999237060547
1710602646.091441,8046,15.600000381469727
1710602657.1340928,8054,6.666666507720947
1710602672.170652,8065,20.933332443237305
1710602688.7894313,8077,10.199999809265137
1710602690.1434426,8078,1.6666666269302368
1710602699.72216,8085,10.800000190734863
1710602714.798417,8096,23.266666412353516
1710602750.601065,8122,13.266666412353516
1710602761.7725654,8130,-1.2000000476837158
1710602778.292699,8142,7.933333396911621
1710602781.0781562,8144,8.0
1710602787.8869252,8149,16.866666793823242
1710602807.1616743,8163,21.866666793823242
1710602808.5260344,8164,30.066667556762695
1710602811.2396576,8166,5.0
1710602837.6822188,8185,16.600000381469727
1710602847.3576334,8192,-2.866666555404663
1710602858.2386992,8200,8.333333015441895
1710602859.5648627,8201,16.600000381469727
1710602879.9771502,8216,14.466666221618652
1710602881.36338,8217,21.600000381469727
1710602897.9404905,8229,8.399999618530273
1710602899.311884,8230,7.866666793823242
1710602933.8500276,8255,11.866666793823242
1710602964.225639,8277,21.0
1710602972.4879043,8283,-8.533333778381348
1710602976.6203225,8286,-4.400000095367432
1710602978.0096304,8287,13.266666412353516
1710602983.5044754,8291,18.46666717529297
1710602990.2685666,8296,26.200000762939453
1710602997.3168583,8301,1.6666666269302368
1710603063.4968326,8349,11.600000381469727
1710603067.7491035,8352,11.199999809265137
1710603082.9665701,8363,22.0
1710603086.9739738,8366,25.933332443237305
1710603095.1634848,8372,16.46666717529297
1710603102.1411588,8377,27.200000762939453
1710603113.0461867,8385,12.066666603088379
1710603129.5717647,8397,16.799999237060547
1710603148.9916635,8411,26.0
1710603156.052375,8416,20.53333282470703
1710603183.6337535,8436,21.46666717529297
1710603211.5640793,8456,13.0
1710603212.9579048,8457,18.399999618530273
1710603218.5430386,8461,17.733333587646484
1710603259.3340209,8491,19.53333282470703
1710603275.801785,8504,23.46666717529297
1710603297.2629898,8521,9.066666603088379
1710603308.6246047,8530,21.866666793823242
1710603319.9058564,8539,-7.199999809265137
1710603331.0410216,8548,7.333333492279053
1710603338.4420602,8554,0.3333333432674408
1710603339.6660323,8555,13.0
1710603349.6347451,8563,15.199999809265137
1710603397.2289538,8601,9.866666793823242
1710603403.627146,8606,13.0
1710603418.749674,8618,10.266666412353516
1710603421.2539017,8620,29.799999237060547
1710603422.4926274,8621,21.799999237060547
1710603430.0518906,8627,10.133333206176758
1710603470.5056198,8659,-10.0
1710603475.6019702,8663,24.133333206176758
1710603514.5990582,8694,11.399999618530273
1710603522.098241,8700,28.399999618530273
1710603538.3297093,8713,-1.6666666269302368
1710603544.6597223,8718,2.3333332538604736
1710603552.2550952,8724,24.33333396911621
1710603577.5390754,8744,8.666666984558105
1710603587.5074363,8752,9.133333206176758
1710603590.008367,8754,-1.600000023841858
1710603617.6149418,8776,26.53333282470703
1710603620.0514114,8778,8.333333015441895
1710603632.804728,8788,16.600000381469727
1710603646.7086964,8799,4.199999809265137
1710603651.835031,8803,8.266666412353516
1710603654.3697193,8805,9.866666793823242
1710603663.3086567,8812,32.06666564941406
1710603673.2880757,8820,35.93333435058594
1710603677.1138022,8823,14.533333778381348
1710603689.8592136,8833,6.199999809265137
1710603730.3815017,8865,18.066667556762695
1710603736.6036954,8870,11.866666793823242
1710603745.26898,8877,4.599999904632568
1710603759.324151,8888,-3.866666555404663
1710603766.805893,8894,17.53333282470703
1710603775.6217244,8901,5.5333333015441895
1710603789.488731,8912,25.33333396911621
1710603795.7784798,8917,11.866666793823242
1710603800.795322,8921,20.133333206176758
1710603824.903767,8940,11.066666603088379
1710603857.9380987,8966,15.199999809265137
1710603862.9630375,8970,5.800000190734863
1710603874.2563026,8979,3.2666666507720947
1710603881.6960063,8985,19.46666717529297
1710603882.967061,8986,6.400000095367432
1710603888.0720549,8990,12.733333587646484
1710603908.2413313,9006,12.333333015441895
1710603928.557802,9022,12.466666221618652
1710603942.5490918,9033,27.200000762939453
1710603962.857807,9049,21.266666412353516
1710603974.2429123,9058,24.53333282470703
1710603983.038479,9065,-4.066666603088379
1710603989.4557035,9070,25.53333282470703
1710604048.4374785,9117,5.733333110809326
1710604053.5571318,9121,2.0
1710604092.4078045,9152,15.199999809265137
1710604102.1837785,9160,16.66666603088379
1710604103.437078,9161,10.066666603088379
1710604105.9198182,9163,23.33333396911621
1710604107.1605568,9164,17.066667556762695
1710604135.5316145,9187,14.199999809265137
1710604139.2854145,9190,23.266666412353516
1710604143.0486352,9193,15.866666793823242
1710604152.0081823,9200,12.733333587646484
1710604155.9057376,9203,12.733333587646484
1710604162.212707,9208,16.399999618530273
1710604167.3646047,9212,11.733333587646484
1710604178.8661127,9221,8.333333015441895
1710604180.1204953,9222,17.066667556762695
1710604185.20149,9226,13.199999809265137
1710604195.4062653,9234,3.133333444595337
1710604213.106762,9248,20.0
1710604218.1375356,9252,20.133333206176758
1710604219.3935788,9253,10.933333396911621
1710604266.9332247,9291,22.933332443237305
1710604282.2302976,9303,5.0
1710604284.8549364,9305,5.199999809265137
1710604293.6156995,9312,12.666666984558105
1710604306.4529154,9322,11.866666793823242
1710604307.7238498,9323,21.200000762939453
1710604312.8029585,9327,23.066667556762695
1710604315.4214756,9329,5.199999809265137
1710604320.3548584,9333,14.066666603088379
1710604324.2520602,9336,2.4666666984558105
1710604335.7292278,9345,14.466666221618652
1710604344.5978777,9352,13.800000190734863
1710604353.439238,9359,9.199999809265137
1710604361.0302522,9365,7.866666793823242
1710604362.2753828,9366,20.53333282470703
1710604369.8124394,9372,7.599999904632568
1710604376.102782,9377,23.0
1710604388.5632672,9387,12.399999618530273
1710604401.1402388,9397,17.733333587646484
1710604408.8406417,9403,15.600000381469727
1710604416.4110827,9409,27.600000381469727
1710604427.6032717,9418,16.266666412353516
1710604452.6434047,9438,18.866666793823242
1710604456.3548377,9441,28.266666412353516
1710604458.8685036,9443,6.800000190734863
1710604473.9582276,9455,12.466666221618652
1710604475.1996722,9456,5.4666666984558105
1710604485.2420316,9464,10.399999618530273
1710604492.7682061,9470,3.4000000953674316
1710604495.2961316,9472,5.133333206176758
1710604515.4728627,9488,19.200000762939453
1710604516.810389,9489,22.266666412353516
1710604518.0726743,9490,2.5999999046325684
1710604520.5709705,9492,-4.800000190734863
1710604555.3669865,9520,8.199999809265137
1710604560.3771057,9524,9.733333587646484
1710604578.185162,9538,0.06666667014360428
1710604589.8195457,9547,27.866666793823242
1710604601.3358667,9556,15.733333587646484
1710604614.113829,9566,19.266666412353516
1710604620.5020723,9571,24.399999618530273
1710604648.4303567,9593,26.399999618530273
1710604658.6089108,9601,11.0
1710604666.176098,9607,11.466666221618652
1710604682.393045,9620,4.333333492279053
1710604723.7791424,9653,31.799999237060547
1710604742.884182,9668,24.600000381469727
1710604746.6459973,9671,5.333333492279053
1710604747.8955061,9672,22.53333282470703
1710604751.6400607,9675,3.4000000953674316
1710604763.1769497,9684,20.266666412353516
1710604768.1537783,9688,-1.2000000476837158
1710604773.344198,9692,11.0
1710604788.4493918,9704,9.800000190734863
1710604789.7021008,9705,16.46666717529297
1710604798.5623972,9712,10.0
1710604828.5428894,9736,24.53333282470703
1710604831.0545948,9738,2.133333444595337
1710604849.8107264,9753,19.399999618530273
1710604851.09153,9754,27.200000762939453
1710604853.5801141,9756,19.866666793823242
1710604858.663842,9760,23.0
1710604862.468911,9763,21.200000762939453
1710604873.844292,9772,21.399999618530273
1710604893.923841,9788,17.200000762939453
1710604897.700493,9791,24.33333396911621
1710604906.4070373,9798,10.800000190734863
1710604925.3755236,9813,27.733333587646484
1710604939.2718217,9824,26.866666793823242
1710604955.2918434,9837,18.266666412353516
1710604971.2578154,9850,15.666666984558105
1710604988.5679765,9864,7.066666603088379
1710604992.2913008,9867,24.133333206176758
1710605001.314142,9874,20.53333282470703
1710605025.4057083,9893,1.600000023841858
1710605026.6748595,9894,11.600000381469727
1710605035.4256368,9901,23.066667556762695
1710605039.1559515,9904,10.800000190734863
1710605042.8792932,9907,5.266666889190674
1710605054.182159,9916,21.66666603088379
1710605055.4265423,9917,7.4666666984558105
1710605056.6608632,9918,16.200000762939453
1710605079.146827,9936,15.600000381469727
1710605089.4597344,9944,5.266666889190674
1710605094.512163,9948,8.333333015441895
1710605095.7347128,9949,14.866666793823242
1710605097.0092206,9950,24.66666603088379
1710605104.6648533,9956,8.600000381469727
1710605109.692152,9960,5.666666507720947
1710605126.190464,9973,13.733333587646484
1710605132.456255,9978,4.333333492279053
1710605133.7055974,9979,24.66666603088379
1710605137.4881692,9982,2.200000047683716
1710605143.7618382,9987,17.133333206176758
1710605151.2108397,9993,21.53333282470703
1710605158.781943,9999,14.666666984558105
